timestamp,src_ip,user,method,endpoint,status,user_agent,region
2025-09-01T08:00:52,91.121.54.12,bob,POST,/login,404,curl/8.1.0,Unknown
2025-09-01T08:01:11,203.0.113.5,bob,POST,/login,200,curl/8.1.0,APAC
2025-09-01T08:01:20,203.0.113.5,dave,POST,/login,200,sqlmap/1.7.3,APAC
2025-09-01T08:01:31,45.83.12.9,alice,POST,/login,200,Mozilla/5.0 (Macintosh; Intel Mac OS X 10_15_7),Unknown
2025-09-01T08:02:29,203.0.113.5,dave,POST,/login,403,Mozilla/5.0 (Windows NT 10.0; Win64; x64),APAC
2025-09-01T08:03:12,91.121.54.12,carol,POST,/login,201,Mozilla/5.0 (Macintosh; Intel Mac OS X 10_15_7),Unknown
2025-09-01T08:04:05,198.51.100.23,alice,POST,/login,200,python-requests/2.31,EU
2025-09-01T08:04:17,192.0.2.77,bob,GET,/api/v1/search,403,Mozilla/5.0 (Windows NT 10.0; Win64; x64),US
2025-09-01T08:04:54,185.199.110.153,alice,GET,/api/v1/data,200,sqlmap/1.7.3,Unknown
2025-09-01T08:05:18,45.83.12.9,alice,GET,/api/v1/data,200,Mozilla/5.0 (Macintosh; Intel Mac OS X 10_15_7),Unknown
2025-09-01T08:05:32,185.199.110.153,bob,GET,/api/v1/search,200,Mozilla/5.0 (Windows NT 10.0; Win64; x64),Unknown
2025-09-01T08:05:58,45.83.12.9,dave,GET,/api/v1/data,200,Mozilla/5.0 (Windows NT 10.0; Win64; x64),Unknown
2025-09-01T08:06:44,198.51.100.23,alice,GET,/api/v1/search,401,curl/8.1.0,EU
2025-09-01T08:07:04,45.83.12.9,dave,GET,/api/v1/data,401,Mozilla/5.0 (Macintosh; Intel Mac OS X 10_15_7),Unknown
2025-09-01T08:08:03,45.83.12.9,dave,GET,/api/v1/search,200,Mozilla/5.0 (Macintosh; Intel Mac OS X 10_15_7),Unknown
2025-09-01T08:08:20,91.121.54.12,dave,POST,/login,200,Mozilla/5.0 (Macintosh; Intel Mac OS X 10_15_7),Unknown
2025-09-01T08:08:46,91.121.54.12,dave,POST,/login,200,Mozilla/5.0 (Windows NT 10.0; Win64; x64),Unknown
2025-09-01T08:09:43,198.51.100.23,bob,POST,/login,201,Mozilla/5.0 (Macintosh; Intel Mac OS X 10_15_7),EU
2025-09-01T08:10:22,91.121.54.12,carol,GET,/api/v1/data,403,Mozilla/5.0 (Macintosh; Intel Mac OS X 10_15_7),Unknown
2025-09-01T08:11:16,185.199.110.153,carol,POST,/login,200,Mozilla/5.0 (Windows NT 10.0; Win64; x64),Unknown
2025-09-01T08:11:33,198.51.100.23,alice,GET,/api/v1/data,403,sqlmap/1.7.3,EU
2025-09-01T08:11:59,91.121.54.12,dave,GET,/api/v1/data,200,curl/8.1.0,Unknown
2025-09-01T08:12:25,185.199.110.153,carol,GET,/api/v1/data,401,Mozilla/5.0 (Macintosh; Intel Mac OS X 10_15_7),Unknown
2025-09-01T08:12:42,91.121.54.12,bob,GET,/api/v1/data,200,Mozilla/5.0 (Windows NT 10.0; Win64; x64),Unknown
2025-09-01T08:13:02,45.83.12.9,dave,GET,/api/v1/data,401,Mozilla/5.0 (Windows NT 10.0; Win64; x64),Unknown
2025-09-01T08:13:20,203.0.113.5,bob,GET,/api/v1/search,200,Mozilla/5.0 (Windows NT 10.0; Win64; x64),APAC
2025-09-01T08:13:52,8.8.8.8,bob,POST,/login,401,curl/8.1.0,US
2025-09-01T08:14:35,192.0.2.77,bob,GET,/api/v1/data,200,Mozilla/5.0 (Windows NT 10.0; Win64; x64),US
2025-09-01T08:14:54,203.0.113.5,alice,GET,/robots.txt,200,Mozilla/5.0 (Windows NT 10.0; Win64; x64),APAC
2025-09-01T08:15:17,203.0.113.5,bob,POST,/login,401,Mozilla/5.0 (Macintosh; Intel Mac OS X 10_15_7),APAC
2025-09-01T08:15:50,203.0.113.5,dave,GET,/api/v1/search,200,Mozilla/5.0 (Windows NT 10.0; Win64; x64),APAC
2025-09-01T08:16:49,192.0.2.77,alice,POST,/login,200,Mozilla/5.0 (Windows NT 10.0; Win64; x64),US
2025-09-01T08:17:38,203.0.113.5,alice,GET,/api/v1/data,200,Mozilla/5.0 (Windows NT 10.0; Win64; x64),APAC
2025-09-01T08:18:26,185.199.110.153,bob,POST,/login,200,Mozilla/5.0 (Windows NT 10.0; Win64; x64),Unknown
2025-09-01T08:19:07,185.199.110.153,alice,POST,/login,403,Mozilla/5.0 (Macintosh; Intel Mac OS X 10_15_7),Unknown
2025-09-01T08:20:04,203.0.113.5,dave,GET,/api/v1/search,200,Mozilla/5.0 (Windows NT 10.0; Win64; x64),APAC
2025-09-01T08:20:23,8.8.8.8,carol,POST,/admin,201,curl/8.1.0,US
2025-09-01T08:20:35,198.51.100.23,carol,GET,/api/v1/search,200,Mozilla/5.0 (Windows NT 10.0; Win64; x64),EU
2025-09-01T08:21:11,185.199.110.153,dave,GET,/api/v1/data,200,sqlmap/1.7.3,Unknown
2025-09-01T08:21:28,203.0.113.5,bob,POST,/login,200,Mozilla/5.0 (Windows NT 10.0; Win64; x64),APAC
2025-09-01T08:21:41,91.121.54.12,carol,GET,/wp-login.php,200,curl/8.1.0,Unknown
2025-09-01T08:21:58,91.121.54.12,alice,POST,/login,200,Mozilla/5.0 (Windows NT 10.0; Win64; x64),Unknown
2025-09-01T08:22:24,192.0.2.77,bob,POST,/login,200,Mozilla/5.0 (Windows NT 10.0; Win64; x64),US
2025-09-01T08:22:34,8.8.8.8,dave,POST,/login,401,Mozilla/5.0 (Macintosh; Intel Mac OS X 10_15_7),US
2025-09-01T08:23:25,8.8.8.8,bob,GET,/api/v1/data,403,Mozilla/5.0 (Windows NT 10.0; Win64; x64),US
2025-09-01T08:23:46,8.8.8.8,alice,GET,/wp-login.php,200,python-requests/2.31,US
2025-09-01T08:24:30,8.8.8.8,carol,POST,/login,401,Mozilla/5.0 (Windows NT 10.0; Win64; x64),US
2025-09-01T08:24:44,45.83.12.9,dave,POST,/login,200,python-requests/2.31,Unknown
2025-09-01T08:24:49,91.121.54.12,bob,POST,/admin,401,Mozilla/5.0 (Windows NT 10.0; Win64; x64),Unknown
2025-09-01T08:25:02,185.199.110.153,dave,GET,/api/v1/search,401,Mozilla/5.0 (Windows NT 10.0; Win64; x64),Unknown
2025-09-01T08:25:26,8.8.8.8,bob,GET,/api/v1/search,401,Mozilla/5.0 (Windows NT 10.0; Win64; x64),US
2025-09-01T08:26:23,192.0.2.77,carol,POST,/login,403,Mozilla/5.0 (Windows NT 10.0; Win64; x64),US
2025-09-01T08:26:36,185.199.110.153,alice,POST,/login,401,Mozilla/5.0 (Windows NT 10.0; Win64; x64),Unknown
2025-09-01T08:27:07,198.51.100.23,dave,GET,/api/v1/data,200,Mozilla/5.0 (Macintosh; Intel Mac OS X 10_15_7),EU
2025-09-01T08:27:39,45.83.12.9,dave,GET,/api/v1/data,401,Mozilla/5.0 (Windows NT 10.0; Win64; x64),Unknown
2025-09-01T08:28:04,198.51.100.23,dave,GET,/api/v1/data,401,Mozilla/5.0 (Windows NT 10.0; Win64; x64),EU
2025-09-01T08:28:11,8.8.8.8,alice,POST,/login,401,Mozilla/5.0 (Windows NT 10.0; Win64; x64),US
2025-09-01T08:29:01,8.8.8.8,bob,GET,/api/v1/data,401,sqlmap/1.7.3,US
2025-09-01T08:29:42,8.8.8.8,bob,POST,/login,200,Mozilla/5.0 (Macintosh; Intel Mac OS X 10_15_7),US
2025-09-01T08:30:33,8.8.8.8,alice,GET,/api/v1/data,200,Mozilla/5.0 (Windows NT 10.0; Win64; x64),US
2025-09-01T08:31:01,185.199.110.153,alice,POST,/login,404,curl/8.1.0,Unknown
2025-09-01T08:31:25,192.0.2.77,dave,GET,/api/v1/search,401,Mozilla/5.0 (Windows NT 10.0; Win64; x64),US
2025-09-01T08:31:37,192.0.2.77,carol,POST,/login,200,Mozilla/5.0 (Windows NT 10.0; Win64; x64),US
2025-09-01T08:32:11,91.121.54.12,alice,POST,/login,200,python-requests/2.31,Unknown
2025-09-01T08:32:47,203.0.113.5,bob,POST,/admin,404,Mozilla/5.0 (Windows NT 10.0; Win64; x64),APAC
2025-09-01T08:33:26,91.121.54.12,dave,GET,/wp-login.php,200,Mozilla/5.0 (Windows NT 10.0; Win64; x64),Unknown
2025-09-01T08:34:06,8.8.8.8,alice,GET,/api/v1/search,401,Mozilla/5.0 (Windows NT 10.0; Win64; x64),US
2025-09-01T08:34:33,91.121.54.12,dave,GET,/api/v1/search,403,Mozilla/5.0 (Windows NT 10.0; Win64; x64),Unknown
2025-09-01T08:35:14,192.0.2.77,bob,GET,/api/v1/data,403,Mozilla/5.0 (Windows NT 10.0; Win64; x64),US
2025-09-01T08:35:57,192.0.2.77,bob,POST,/login,200,sqlmap/1.7.3,US
2025-09-01T08:36:48,45.83.12.9,alice,GET,/api/v1/data,401,Mozilla/5.0 (Windows NT 10.0; Win64; x64),Unknown
2025-09-01T08:37:41,203.0.113.5,carol,POST,/login,403,Mozilla/5.0 (Windows NT 10.0; Win64; x64),APAC
2025-09-01T08:38:29,192.0.2.77,bob,GET,/api/v1/data,403,curl/8.1.0,US
2025-09-01T08:38:59,8.8.8.8,carol,GET,/api/v1/data,401,sqlmap/1.7.3,US
2025-09-01T08:39:08,185.199.110.153,carol,GET,/robots.txt,200,curl/8.1.0,Unknown
2025-09-01T08:39:48,198.51.100.23,carol,GET,/api/v1/data,403,Mozilla/5.0 (Windows NT 10.0; Win64; x64),EU
2025-09-01T08:40:11,198.51.100.23,carol,POST,/login,403,Mozilla/5.0 (Windows NT 10.0; Win64; x64),EU
2025-09-01T08:40:24,185.199.110.153,alice,POST,/login,403,Mozilla/5.0 (Windows NT 10.0; Win64; x64),Unknown
2025-09-01T08:40:57,91.121.54.12,dave,GET,/api/v1/data,200,Mozilla/5.0 (Macintosh; Intel Mac OS X 10_15_7),Unknown
2025-09-01T08:41:26,192.0.2.77,alice,POST,/admin,403,sqlmap/1.7.3,US
2025-09-01T08:41:39,8.8.8.8,dave,GET,/api/v1/data,404,Mozilla/5.0 (Windows NT 10.0; Win64; x64),US
2025-09-01T08:42:09,185.199.110.153,bob,GET,/api/v1/data,401,Mozilla/5.0 (Windows NT 10.0; Win64; x64),Unknown
2025-09-01T08:43:00,185.199.110.153,dave,POST,/login,401,Mozilla/5.0 (Macintosh; Intel Mac OS X 10_15_7),Unknown
2025-09-01T08:43:32,192.0.2.77,carol,GET,/wp-login.php,200,Mozilla/5.0 (Macintosh; Intel Mac OS X 10_15_7),US
2025-09-01T08:43:41,198.51.100.23,bob,GET,/api/v1/search,200,Mozilla/5.0 (Macintosh; Intel Mac OS X 10_15_7),EU
2025-09-01T08:44:16,185.199.110.153,bob,POST,/login,201,Mozilla/5.0 (Windows NT 10.0; Win64; x64),Unknown
2025-09-01T08:44:36,91.121.54.12,bob,GET,/wp-login.php,200,python-requests/2.31,Unknown
2025-09-01T08:45:13,8.8.8.8,dave,GET,/api/v1/data,200,python-requests/2.31,US
2025-09-01T08:45:21,8.8.8.8,dave,GET,/wp-login.php,404,Mozilla/5.0 (Windows NT 10.0; Win64; x64),US
2025-09-01T08:46:12,198.51.100.23,carol,GET,/api/v1/data,401,Mozilla/5.0 (Windows NT 10.0; Win64; x64),EU
2025-09-01T08:46:38,91.121.54.12,alice,GET,/api/v1/search,404,Mozilla/5.0 (Macintosh; Intel Mac OS X 10_15_7),Unknown
2025-09-01T08:47:01,185.199.110.153,bob,POST,/login,404,Mozilla/5.0 (Windows NT 10.0; Win64; x64),Unknown
2025-09-01T08:47:19,8.8.8.8,dave,GET,/api/v1/data,200,Mozilla/5.0 (Macintosh; Intel Mac OS X 10_15_7),US
2025-09-01T08:48:09,185.199.110.153,alice,GET,/robots.txt,403,Mozilla/5.0 (Windows NT 10.0; Win64; x64),Unknown
2025-09-01T08:48:50,203.0.113.5,bob,GET,/api/v1/search,200,python-requests/2.31,APAC
2025-09-01T08:49:17,185.199.110.153,dave,POST,/login,200,curl/8.1.0,Unknown
2025-09-01T08:50:01,203.0.113.5,dave,GET,/api/v1/data,200,Mozilla/5.0 (Windows NT 10.0; Win64; x64),APAC
2025-09-01T08:50:13,185.199.110.153,alice,POST,/login,404,sqlmap/1.7.3,Unknown
2025-09-01T08:50:55,185.199.110.153,dave,GET,/api/v1/data,201,Mozilla/5.0 (Windows NT 10.0; Win64; x64),Unknown
2025-09-01T08:51:26,185.199.110.153,dave,GET,/robots.txt,200,sqlmap/1.7.3,Unknown
2025-09-01T08:51:41,45.83.12.9,alice,POST,/admin,200,Mozilla/5.0 (Windows NT 10.0; Win64; x64),Unknown
2025-09-01T08:52:31,198.51.100.23,carol,POST,/admin,200,python-requests/2.31,EU
2025-09-01T08:52:48,91.121.54.12,alice,POST,/login,200,Mozilla/5.0 (Windows NT 10.0; Win64; x64),Unknown
2025-09-01T08:53:43,91.121.54.12,bob,POST,/login,201,Mozilla/5.0 (Macintosh; Intel Mac OS X 10_15_7),Unknown
2025-09-01T08:54:39,185.199.110.153,carol,POST,/login,200,Mozilla/5.0 (Macintosh; Intel Mac OS X 10_15_7),Unknown
2025-09-01T08:55:11,203.0.113.5,bob,GET,/api/v1/search,201,Mozilla/5.0 (Macintosh; Intel Mac OS X 10_15_7),APAC
2025-09-01T08:55:37,45.83.12.9,alice,GET,/api/v1/search,404,Mozilla/5.0 (Windows NT 10.0; Win64; x64),Unknown
2025-09-01T08:56:13,45.83.12.9,dave,POST,/login,404,curl/8.1.0,Unknown
2025-09-01T08:56:27,45.83.12.9,carol,GET,/api/v1/data,200,Mozilla/5.0 (Macintosh; Intel Mac OS X 10_15_7),Unknown
2025-09-01T08:56:37,45.83.12.9,carol,GET,/api/v1/data,401,Mozilla/5.0 (Windows NT 10.0; Win64; x64),Unknown
2025-09-01T08:57:04,203.0.113.5,alice,GET,/wp-login.php,404,python-requests/2.31,APAC
2025-09-01T08:57:11,8.8.8.8,alice,GET,/api/v1/data,200,Mozilla/5.0 (Windows NT 10.0; Win64; x64),US
2025-09-01T08:58:05,8.8.8.8,carol,POST,/login,404,Mozilla/5.0 (Macintosh; Intel Mac OS X 10_15_7),US
2025-09-01T08:58:29,192.0.2.77,alice,GET,/api/v1/search,404,curl/8.1.0,US
2025-09-01T08:58:55,203.0.113.5,carol,GET,/wp-login.php,200,curl/8.1.0,APAC
2025-09-01T08:59:28,45.83.12.9,carol,POST,/admin,401,Mozilla/5.0 (Windows NT 10.0; Win64; x64),Unknown
2025-09-01T08:59:57,203.0.113.5,dave,GET,/wp-login.php,200,curl/8.1.0,APAC
2025-09-01T09:00:29,45.83.12.9,bob,GET,/robots.txt,404,Mozilla/5.0 (Windows NT 10.0; Win64; x64),Unknown
2025-09-01T09:01:20,192.0.2.77,carol,GET,/api/v1/search,401,Mozilla/5.0 (Macintosh; Intel Mac OS X 10_15_7),US
2025-09-01T09:02:10,91.121.54.12,alice,GET,/robots.txt,200,Mozilla/5.0 (Windows NT 10.0; Win64; x64),Unknown
2025-09-01T09:10:00,91.121.54.12,alice,POST,/login,401,curl/8.1.0,Unknown
2025-09-01T09:10:10,91.121.54.12,alice,POST,/login,401,curl/8.1.0,Unknown
2025-09-01T09:10:20,91.121.54.12,alice,POST,/login,401,curl/8.1.0,Unknown
2025-09-01T09:10:30,91.121.54.12,alice,POST,/login,401,curl/8.1.0,Unknown
2025-09-01T09:10:40,91.121.54.12,alice,POST,/login,401,curl/8.1.0,Unknown
2025-09-01T09:10:50,91.121.54.12,alice,POST,/login,401,curl/8.1.0,Unknown
2025-09-01T09:11:00,91.121.54.12,alice,POST,/login,401,curl/8.1.0,Unknown
2025-09-01T09:11:10,91.121.54.12,alice,POST,/login,401,curl/8.1.0,Unknown
2025-09-01T09:11:20,91.121.54.12,alice,POST,/login,401,curl/8.1.0,Unknown
2025-09-01T09:11:30,91.121.54.12,alice,POST,/login,401,curl/8.1.0,Unknown
2025-09-01T09:11:40,91.121.54.12,alice,POST,/login,401,curl/8.1.0,Unknown
2025-09-01T09:11:50,91.121.54.12,alice,POST,/login,401,curl/8.1.0,Unknown
2025-09-01T09:12:00,91.121.54.12,alice,POST,/login,401,curl/8.1.0,Unknown
2025-09-01T09:12:10,91.121.54.12,alice,POST,/login,401,curl/8.1.0,Unknown
2025-09-01T09:12:20,91.121.54.12,alice,POST,/login,401,curl/8.1.0,Unknown
2025-09-01T10:05:00,185.199.110.153,bob,GET,/wp-login.php,404,sqlmap/1.7.3,Unknown
2025-09-01T10:05:12,185.199.110.153,bob,GET,/phpmyadmin,404,sqlmap/1.7.3,Unknown
2025-09-01T10:05:24,185.199.110.153,bob,GET,/.env,404,sqlmap/1.7.3,Unknown
2025-09-01T10:05:36,185.199.110.153,bob,GET,/admin,404,sqlmap/1.7.3,Unknown
2025-09-01T10:05:48,185.199.110.153,bob,GET,/.git/config,404,sqlmap/1.7.3,Unknown
2025-09-01T10:06:00,185.199.110.153,bob,GET,/wp-login.php,404,sqlmap/1.7.3,Unknown
2025-09-01T10:06:12,185.199.110.153,bob,GET,/phpmyadmin,404,sqlmap/1.7.3,Unknown
2025-09-01T10:06:24,185.199.110.153,bob,GET,/.env,404,sqlmap/1.7.3,Unknown
2025-09-01T10:06:36,185.199.110.153,bob,GET,/admin,404,sqlmap/1.7.3,Unknown
2025-09-01T10:06:48,185.199.110.153,bob,GET,/.git/config,404,sqlmap/1.7.3,Unknown
2025-09-01T10:07:00,185.199.110.153,bob,GET,/wp-login.php,404,sqlmap/1.7.3,Unknown
2025-09-01T10:07:12,185.199.110.153,bob,GET,/phpmyadmin,404,sqlmap/1.7.3,Unknown
2025-09-01T10:07:24,185.199.110.153,bob,GET,/.env,404,sqlmap/1.7.3,Unknown
2025-09-01T10:07:36,185.199.110.153,bob,GET,/admin,404,sqlmap/1.7.3,Unknown
2025-09-01T10:07:48,185.199.110.153,bob,GET,/.git/config,404,sqlmap/1.7.3,Unknown
